Month,RevenueOrders,GrossRevenue,MonthDate
2023-04,19,39713.090000000004,2023-04-01
2023-05,42,124524.86,2023-05-01
2023-06,43,117307.11,2023-06-01
2023-07,24,64728.89,2023-07-01
2023-08,40,151847.69,2023-08-01
2023-09,34,88584.98,2023-09-01
2023-10,28,100582.81,2023-10-01
2023-11,39,131482.08,2023-11-01
2023-12,37,131766.07,2023-12-01
2024-01,39,144841.63,2024-01-01
2024-02,29,112751.83,2024-02-01
2024-03,32,102348.75,2024-03-01
2024-04,33,109756.05,2024-04-01
2024-05,39,142083.15,2024-05-01
2024-06,37,126559.3,2024-06-01
2024-07,35,109984.79,2024-07-01
2024-08,35,118825.33,2024-08-01
2024-09,39,151940.87,2024-09-01
2024-10,38,101268.08,2024-10-01
2024-11,35,101022.14,2024-11-01
2024-12,30,90152.01,2024-12-01
2025-01,35,109978.5,2025-01-01
2025-02,35,103612.04,2025-02-01
2025-03,33,116875.26,2025-03-01
2025-04,23,64808.79,2025-04-01
