RegionName,Country,RepeatIntervals,AvgDaysBetweenOrders,RegionLabel
Middle East,UAE,51,140.31372549019608,Middle East — UAE
Oceania,Australia,96,123.875,Oceania — Australia
Europe West,UK,84,120.32142857142857,Europe West — UK
North America,USA,75,115.14666666666666,North America — USA
Asia East,Japan,110,114.2090909090909,Asia East — Japan
Africa South,South Africa,81,110.8641975308642,Africa South — South Africa
Africa North,Egypt,98,110.0204081632653,Africa North — Egypt
Asia South,India,51,107.31372549019608,Asia South — India
Europe Central,Germany,75,92.12,Europe Central — Germany
South America,Brazil,80,85.5625,South America — Brazil
