RegionName,Country,RevenueOrders,UnitsSold,GrossRevenue,RegionLabel
Middle East,UAE,56,364,165873.86,Middle East — UAE
Asia South,India,51,388,174577.14,Asia South — India
North America,USA,83,558,235500.68,North America — USA
Europe Central,Germany,80,494,242592.81,Europe Central — Germany
South America,Brazil,82,554,253405.03,South America — Brazil
Africa South,South Africa,93,596,272797.32,Africa South — South Africa
Europe West,UK,81,615,278326.77999999997,Europe West — UK
Oceania,Australia,107,775,350232.83,Oceania — Australia
Africa North,Egypt,99,746,361769.61,Africa North — Egypt
Asia East,Japan,121,925,422270.04,Asia East — Japan
