Month,RevenueOrders,GrossRevenue,GrossAOV,MonthDate
2023-04,19,39713.090000000004,2090.1626315789476,2023-04-01
2023-05,42,124524.86,2964.877619047619,2023-05-01
2023-06,43,117307.11,2728.0723255813955,2023-06-01
2023-07,24,64728.89,2697.037083333333,2023-07-01
2023-08,40,151847.69,3796.19225,2023-08-01
2023-09,34,88584.98,2605.440588235294,2023-09-01
2023-10,28,100582.81,3592.243214285714,2023-10-01
2023-11,39,131482.08,3371.335384615384,2023-11-01
2023-12,37,131766.07,3561.245135135135,2023-12-01
2024-01,39,144841.63,3713.887948717949,2024-01-01
2024-02,29,112751.83,3887.9941379310344,2024-02-01
2024-03,32,102348.75,3198.3984375,2024-03-01
2024-04,33,109756.05,3325.9409090909094,2024-04-01
2024-05,39,142083.15,3643.1576923076923,2024-05-01
2024-06,37,126559.3,3420.5216216216218,2024-06-01
2024-07,35,109984.79,3142.4225714285712,2024-07-01
2024-08,35,118825.33,3395.0094285714285,2024-08-01
2024-09,39,151940.87,3895.9197435897436,2024-09-01
2024-10,38,101268.08,2664.9494736842107,2024-10-01
2024-11,35,101022.14,2886.346857142857,2024-11-01
2024-12,30,90152.01,3005.067,2024-12-01
2025-01,35,109978.5,3142.2428571428572,2025-01-01
2025-02,35,103612.04,2960.3439999999996,2025-02-01
2025-03,33,116875.26,3541.6745454545453,2025-03-01
2025-04,23,64808.79,2817.7734782608695,2025-04-01
