RegionName,Country,TotalOrders,RevenueOrders,DetailCoveragePct,RegionLabel
Europe West,UK,106,81,76.41509433962264,Europe West — UK
Middle East,UAE,69,56,81.15942028985508,Middle East — UAE
Asia South,India,62,51,82.25806451612904,Asia South — India
Africa North,Egypt,119,99,83.19327731092437,Africa North — Egypt
Oceania,Australia,124,107,86.29032258064517,Oceania — Australia
South America,Brazil,95,82,86.31578947368422,South America — Brazil
North America,USA,95,83,87.36842105263159,North America — USA
Asia East,Japan,138,121,87.68115942028986,Asia East — Japan
Europe Central,Germany,90,80,88.88888888888889,Europe Central — Germany
Africa South,South Africa,102,93,91.17647058823529,Africa South — South Africa
