CustomerID,CustomerName,RegionName,Country,RevenueOrders,UnitsPurchased,GrossRevenue,CustomerLabel
44,Ann Cochran,South America,Brazil,9,61,31198.41,Ann Cochran (#44)
33,April Greene,Africa North,Egypt,8,71,31389.239999999998,April Greene (#33)
131,Nancy Shepherd,Europe Central,Germany,11,66,31636.18,Nancy Shepherd (#131)
25,Michele Brandt,South America,Brazil,8,80,31890.22,Michele Brandt (#25)
112,Lacey Ross,Oceania,Australia,5,55,32054.02,Lacey Ross (#112)
136,Katherine Coleman,Europe Central,Germany,8,63,32474.46,Katherine Coleman (#136)
142,David Watson,Asia South,India,7,69,33401.58,David Watson (#142)
70,Dawn Fowler,Oceania,Australia,8,85,34253.12,Dawn Fowler (#70)
174,Debra Brooks,Africa South,South Africa,12,70,39548.89,Debra Brooks (#174)
178,Melanie Davis,Asia East,Japan,6,80,46959.01,Melanie Davis (#178)
